,2026-02-28,2025-11-30,2025-08-31,2025-05-31,2025-02-28,2024-11-30
Ordinary Shares Number,1221631.0,125218.0,122678.0,28268.0,25844.0,
Share Issued,1221631.0,125218.0,122678.0,28268.0,25844.0,
Net Debt,21103332.0,27310994.0,23391294.168969,,,
Total Debt,34698342.0,39743053.0,33878694.198051,334838.451463,423048.113534,
Tangible Book Value,8789849.0,3790383.0,5794536.134943,11647511.27929,15840616.82243,
Invested Capital,34654420.0,33865089.0,34929596.481024,12494582.302431,16700119.764624,
Working Capital,9966737.0,4702926.0,6745527.119383,11776022.41304,16130217.376255,
Net Tangible Assets,8789849.0,3790383.0,5794536.134943,11647511.27929,15840616.82243,
Capital Lease Obligations,9533307.0,10132484.0,5093493.529155,128633.386698,148903.426791,
Common Stock Equity,9489385.0,4254520.0,6144395.812127,12288377.237666,16425975.077882,
Total Capitalization,16069033.0,10745400.0,10813867.238621,12427255.857954,16626767.047421,
Total Equity Gross Minority Interest,9489385.0,4254520.0,6144395.812127,12288377.237666,16425975.077882,
Stockholders Equity,9489385.0,4254520.0,6144395.812127,12288377.237666,16425975.077882,
Other Equity Interest,,,,,,27625.196176
Gains Losses Not Affecting Retained Earnings,1183405.0,878042.0,801576.995783,817728.860428,771850.46729,
Other Equity Adjustments,1183405.0,878042.0,801576.995783,817728.860428,771850.46729,
Retained Earnings,-77759031.0,-75894107.0,-52044174.785517,-56727036.821423,-49020422.29145,
Additional Paid In Capital,12337548.0,11983525.0,8568706.558092,9177545.481007,8722738.663898,
Capital Stock,73727463.0,67287060.0,48818287.043769,59020139.717654,55951808.238145,
Common Stock,73727463.0,67287060.0,48818287.043769,59020139.717654,55951808.238145,
Total Liabilities Net Minority Interest,49142453.0,55410413.0,44686822.015414,5540411.876001,3145473.174109,
Total Non Current Liabilities Net Minority Interest,13614745.0,14165493.0,8555346.808201,1516441.566002,1509134.648667,
Derivative Product Liabilities,,,,1337638.62611,1248436.829353,2635.896704
Tradeand Other Payables Non Current,,,5048506.0,,,
Non Current Deferred Liabilities,0.0,2721.0,4286.025883,,,
Non Current Deferred Taxes Liabilities,0.0,2721.0,4286.025883,,,
Long Term Debt And Capital Lease Obligation,13614745.0,14162772.0,8551060.782318,178802.939892,260697.819315,
Long Term Capital Lease Obligation,7035097.0,7671892.0,3881589.355824,39924.319604,59905.849775,
Long Term Debt,6579648.0,6490880.0,4669471.426494,138878.620288,200791.96954,
Current Liabilities,35527708.0,41244920.0,36131475.207212,4023970.309999,1636338.525441,
Other Current Liabilities,438672.0,404376.0,370974.262033,,,261510.914538
Current Deferred Liabilities,6372743.0,5901028.0,4125977.897339,800050.211032,649160.955348,
Current Deferred Revenue,6372743.0,5901028.0,4125977.897339,800050.211032,649160.955348,
Current Debt And Capital Lease Obligation,21083597.0,25580281.0,25327633.415734,156035.51157,162350.294219,
Current Capital Lease Obligation,2498210.0,2460592.0,1211904.173331,88709.067094,88997.577016,
Current Debt,18585387.0,23119689.0,24115729.242402,67326.444477,73352.717203,
Other Current Borrowings,432864.0,844299.0,477759.197324,67326.444477,73352.717203,
Line Of Credit,18152523.0,22275390.0,23637970.045078,,,
Current Provisions,67195.0,65575.0,48499.345645,2114086.741377,63459.328487,
Payables And Accrued Expenses,7565501.0,9293660.0,6258390.286462,953797.84602,761367.947387,
Current Accrued Expenses,7344.0,8265.0,4404.536862,,,
Interest Payable,7344.0,8265.0,4404.536862,,,
Payables,7558157.0,9285395.0,6253985.7496,953797.84602,761367.947387,
Other Payable,579369.0,335975.0,400663.079831,120154.271576,143028.729664,
Dueto Related Parties Current,62867.0,,,,,
Total Tax Payable,47331.0,,,,,8433.442717
Income Tax Payable,,,,,,8433.442717
Accounts Payable,6868590.0,8949420.0,5853322.669769,833643.574443,618339.217722,
Total Assets,58631838.0,59664933.0,50831217.827541,17828789.113666,19571448.25199,
Total Non Current Assets,13137393.0,13717087.0,7954215.500945,2028796.390627,1804892.350294,
Other Non Current Assets,,,,,,71.336853
Non Current Deferred Assets,10370.0,,0.0,70719.691457,59501.557632,63461.264089
Non Current Deferred Taxes Assets,10370.0,,0.0,70719.691457,59501.557632,63461.264089
Investments And Advances,141587.0,81655.0,59368.183801,0.0,0.0,
Investmentin Financial Assets,141587.0,81655.0,59368.183801,0.0,0.0,
Available For Sale Securities,141587.0,81655.0,59368.183801,,,4392.210016
Goodwill And Other Intangible Assets,699536.0,464137.0,349859.677185,640865.958376,585358.255452,
Other Intangible Assets,508601.0,464137.0,349859.677185,640865.958376,585358.255452,
Goodwill,190935.0,,0.0,,,
Net PPE,12285900.0,13171295.0,7544987.639959,1317210.740795,1160032.53721,
Accumulated Depreciation,-4353558.0,-3874124.0,-2694011.196743,-750828.845874,-646908.272759,
Gross PPE,16639458.0,17045419.0,10238998.836702,2068039.586669,1806940.809969,
Leases,11767808.0,11828738.0,6432289.515777,387345.364576,354994.115611,
Other Properties,871699.0,854978.0,630108.332122,862685.926357,820899.273105,
Machinery Furniture Equipment,3999951.0,4361703.0,3176600.988803,818008.295736,631047.421253,
Properties,0.0,0.0,0.0,0.0,0.0,
Current Assets,45494445.0,45947846.0,42877002.326596,15799992.723039,17766555.901696,
Restricted Cash,150000.0,,,,,
Prepaid Assets,3586000.0,5226034.0,2742415.297368,2417741.231262,1965093.804084,
Inventory,30237222.0,31371295.0,26807944.597935,5171967.690293,4962166.839737,
Finished Goods,23731238.0,24623831.0,21276771.121128,538587.541843,346213.222568,
Work In Process,1324697.0,1411163.0,1141555.183946,497827.099403,381024.575978,
Raw Materials,5181287.0,5336301.0,4389618.29286,4135553.049047,4234929.041191,
Receivables,7459520.0,7050942.0,7932735.931365,284943.967399,230658.359294,
Other Receivables,350772.0,33882.0,25087.974407,34465.871052,32788.508134,
Duefrom Related Parties Current,6556314.0,6556314.0,7554105.714701,12814.000873,11952.924888,
Taxes Receivable,191686.0,93118.0,44769.521594,114569.931597,94045.69055,
Accounts Receivable,360748.0,367628.0,308772.720663,123094.163877,91871.235722,
Cash Cash Equivalents And Short Term Investments,4061703.0,2299575.0,5393906.499927,7925339.834085,10608636.898581,
Cash And Cash Equivalents,4061703.0,2299575.0,5393906.499927,7925339.834085,10608636.898581,
Cash Financial,4061703.0,2299575.0,5393906.499927,7925339.834085,10608636.898581,
